{
  "splash-setting": {
    "clearColor": {
      "x": 0.10196078431372549,
      "y": 0.13333333333333333,
      "z": 0.17254901960784313,
      "w": 1
    },
    "url": "/Users/stevejobs/Downloads/—Pngtree—flat user pattern round_4492882_105x105.png"
  },
  "__version__": "1.2.6"
}
